feature,importance
dep_delay,0.9451630567549498
dep_hour_c_1,0.03810794696988056
month_c_3,0.007911194011969677
dep_hour_c_2,0.007321683980909455
month_c_1,9.541778308742343e-4
weekday_4,1.8842132959870467e-4
weekday_5,1.4664603258994537e-4
weekday_7,8.802874282109494e-5
weekday_1,5.72417781858553e-5
weekday_3,5.428448288195303e-5
weekday_2,7.3180853386291806e-6
